{
  "timestamp": "2025-10-16T23:00:50.773842",
  "run_name": "teacher_student_qwen7b_20251016_222321",
  "architecture": "Teacher-Student",
  "teacher_model": "qwen-max",
  "student_model": "qwen2.5-7b-instruct",
  "optimization": {
    "method": "MIPROv2",
    "train_size": 186,
    "dev_size": 93,
    "auto_mode": "light"
  },
  "dev_results": {
    "retrieval_accuracy": 0.7526881720430108,
    "answer_accuracy": 0.5698924731182796,
    "end_to_end_accuracy": 0.4838709677419355,
    "by_format": {
      "Str": {
        "total": 34,
        "retrieval_correct": 21.0,
        "answer_correct": 14.0,
        "end_to_end_correct": 10.0,
        "retrieval_accuracy": 0.6176470588235294,
        "answer_accuracy": 0.4117647058823529,
        "end_to_end_accuracy": 0.29411764705882354
      },
      "Float": {
        "total": 13,
        "retrieval_correct": 10.0,
        "answer_correct": 9.0,
        "end_to_end_correct": 8.0,
        "retrieval_accuracy": 0.7692307692307693,
        "answer_accuracy": 0.6923076923076923,
        "end_to_end_accuracy": 0.6153846153846154
      },
      "List": {
        "total": 13,
        "retrieval_correct": 10.0,
        "answer_correct": 7.0,
        "end_to_end_correct": 5.0,
        "retrieval_accuracy": 0.7692307692307693,
        "answer_accuracy": 0.5384615384615384,
        "end_to_end_accuracy": 0.38461538461538464
      },
      "Int": {
        "total": 19,
        "retrieval_correct": 15.0,
        "answer_correct": 14.0,
        "end_to_end_correct": 13.0,
        "retrieval_accuracy": 0.7894736842105263,
        "answer_accuracy": 0.7368421052631579,
        "end_to_end_accuracy": 0.6842105263157895
      },
      "null": {
        "total": 14,
        "retrieval_correct": 14.0,
        "answer_correct": 9.0,
        "end_to_end_correct": 9.0,
        "retrieval_accuracy": 1.0,
        "answer_accuracy": 0.6428571428571429,
        "end_to_end_accuracy": 0.6428571428571429
      }
    }
  }
}